item_id,seller_name,seller_rating
1,HANDICRAFTSPARADISE,New Seller!
2,Aakrati,3.8 / 5
3,Divinegifts,4.3 / 5
4,Biotique99,New Seller!
4,Statuestudio,"3.8
                                            / 5"
5,Redbag,4.1 / 5
6,HALFPIZZAARTS,New Seller!
6,TheEmerald,"3.4
                                            / 5"
7,DivineMarketingService,New Seller!
8,Karigaari,3.4 / 5
9,Divyamantra,4.0 / 5
10,Royalindiasales,New Seller!
11,ONLINEWORLD,3.9 / 5
12,Shoplorry,New Seller!
13,NikshubhaTraders,New Seller!
14,SunnyCorps,New Seller!
15,CollectibleIndia,New Seller!
16,1sthome,"2.8
                                            / 5"
16,1stHomesolution,New Seller!
17,Not Available,Not Available
18,JEWELFUEL,3.7 / 5
19,Sitare,New Seller!
20,Smile2u,3.5 / 5
21,Surface180,New Seller!
22,ONLINEWORLD,3.9 / 5
23,BLISSGlobalFineArtz,New Seller!
24,Homesake,New Seller!
25,AestheticDecors,4.2 / 5
26,NikshubhaTraders,New Seller!
27,Deepikaenterprises,New Seller!
28,Megifting,New Seller!
29,nilgiritouch,3.7 / 5
30,eshoppee,3.8 / 5
31,SATYAMANI,4.9 / 5
32,Karigaari,3.4 / 5
33,Orchard,3.4 / 5
34,Robofi,3.6 / 5
35,Robofi,3.6 / 5
36,Clixicle,New Seller!
37,IndiaBuye,3.9 / 5
38,Shivangi,3.5 / 5
39,DecoJunction,New Seller!
40,ShoppingWopping,3.7 / 5
41,TraditionalRajasthan,3.7 / 5
42,excitingLives,4.0 / 5
43,UniqueDesign,2.9 / 5
44,SATYAMANI,4.9 / 5
45,11Girls,4.1 / 5
46,KRITICREATIONS,4.3 / 5
47,MetierLifestyle,3.3 / 5
48,Smile2u,"3.5
                                            / 5"
48,PaintingMantra,"3.5
                                            / 5"
49,Statuestudio,3.8 / 5
50,CollectibleIndia,New Seller!
51,Dealfinity,4.0 / 5
52,Statuestudio,3.8 / 5
53,EARTH,3.2 / 5
54,Starstell,3.5 / 5
55,Karigaari,3.4 / 5
56,Smile2u,3.5 / 5
57,Little-India,3.4 / 5
58,CLOCKSANDCLOCKS,New Seller!
59,MetierLifestyle,3.3 / 5
60,MetierLifestyle,3.3 / 5
61,Divinegifts,4.3 / 5
62,GalaxyExports,3.5 / 5
63,nilgiritouch,3.7 / 5
64,craftstoreindia,3.7 / 5
65,Biotique99,New Seller!
65,Statuestudio,"3.8
                                            / 5"
66,KRITICREATIONS,4.3 / 5
67,Birdinblue,4.2 / 5
68,PacknGift,New Seller!
69,giftsbymeeta,3.4 / 5
70,HEERANART,3.5 / 5
71,BelloPhotoFrames,3.5 / 5
72,Aapnocrafts,3.0 / 5
73,DayaGroups,3.9 / 5
74,Sutradecor,3.5 / 5
75,JWC,3.9 / 5
76,RAJLAXMI,3.1 / 5
77,Nayahub,New Seller!
78,PoojaCreationn,New Seller!
79,GiftCentre,3.1 / 5
80,somethingjust1you2need,New Seller!
81,KRG,3.2 / 5
82,BelloPhotoFrames,3.5 / 5
83,BelloPhotoFrames,3.5 / 5
84,BelloPhotoFrames,3.5 / 5
85,Omarts,3.7 / 5
86,nilgiritouch,3.7 / 5
87,ShoppingRajasthan,3.3 / 5
88,Omarts,3.7 / 5
89,SWARNIMJEWELLERS,3.8 / 5
90,eCraftIndia,3.5 / 5
91,Surface180,New Seller!
92,SATYAMANI,4.9 / 5
93,11Girls,4.1 / 5
94,ONLINEWORLD,3.9 / 5
95,Robofi,3.6 / 5
96,BelloPhotoFrames,3.5 / 5
97,TOFA,New Seller!
98,Shivangi,3.5 / 5
99,Biotique99,New Seller!
99,Aakrati,"3.8
                                            / 5"
100,craftartz,New Seller!
101,Karigaari,3.4 / 5
102,ELROE,4.3 / 5
103,GalaxyExports,3.5 / 5
104,MiracleRetail,4.1 / 5
105,Plusvalue,New Seller!
106,BelloPhotoFrames,3.5 / 5
107,IndiaBongs,3.8 / 5
108,Aapnocrafts,3.0 / 5
109,IndiaBuye,3.9 / 5
110,GoldArt,New Seller!
111,SWARNIMJEWELLERS,3.8 / 5
112,SWAPKRI,New Seller!
113,TheEmerald,3.4 / 5
114,JPSRETAIL,3.1 / 5
115,JPSRETAIL,3.1 / 5
116,Furncoms,New Seller!
117,JustBestBuy4u,"3.6
                                            / 5"
117,Bhavyaenterprises,New Seller!
118,JustBestBuy4u,3.6 / 5
119,PaintingMantra,3.5 / 5
120,HomeIndia,3.0 / 5
121,NikshubhaTraders,New Seller!
122,krafthub,New Seller!
123,Smile2u,3.5 / 5
124,Karigaari,3.4 / 5
125,HanumantCreations,New Seller!
126,Smile2u,3.5 / 5
127,VASTUGHAR,New Seller!
128,eshoppee,3.8 / 5
129,VASTUGHAR,New Seller!
130,AestheticDecors,4.2 / 5
131,Homesake,New Seller!
132,GiftsGannet,New Seller!
133,APKAMART,4.3 / 5
134,JindalCraftsDotCom,New Seller!
135,Hashcart,4.2 / 5
136,Aapnocrafts,3.0 / 5
137,AestheticDecors,4.2 / 5
138,INSPIRATIONWORLD,4.0 / 5
139,RajaArts,New Seller!
140,HAN,New Seller!
141,LeapLed,New Seller!
142,Aapnocrafts,3.0 / 5
143,MetierLifestyle,3.3 / 5
144,Amvera,3.2 / 5
145,CollectibleIndia,New Seller!
146,Redbag,4.1 / 5
147,Omarts,3.7 / 5
148,VKTRADER,New Seller!
149,SKMRETAIL,3.7 / 5
150,Aapnocrafts,3.0 / 5
151,EARTH,3.2 / 5
152,eCraftIndia,3.5 / 5
153,Indikala,4.0 / 5
154,Picassoimpex,3.3 / 5
155,GrabDen,New Seller!
156,HANDICRAFTSPARADISE,New Seller!
157,Redbag,4.1 / 5
158,Shivangi,3.5 / 5
159,DharoharTheHeritage,New Seller!
160,Aapnocrafts,3.0 / 5
161,AmazingIndia,New Seller!
162,Dealfinity,4.0 / 5
163,Anjalika,3.5 / 5
164,JainSales,New Seller!
165,DivineCrafts,3.7 / 5
166,Kalaplanet,3.1 / 5
167,ONLINEWORLD,3.9 / 5
168,TheEmerald,3.4 / 5
169,Justdecorz,3.3 / 5
170,aaraventerprises79,New Seller!
171,IndiaBuye,3.9 / 5
172,EmRetail,3.6 / 5
173,GalaxyExports,3.5 / 5
174,AiraHomeProductsLLP,4.0 / 5
175,BhavnaCollections2,New Seller!
176,KingInternational,3.3 / 5
177,KOLOROBIA,New Seller!
178,Aapnocrafts,3.0 / 5
179,MetierLifestyle,3.3 / 5
180,Skgupta,New Seller!
181,Aapnocrafts,3.0 / 5
182,Hashcart,4.2 / 5
183,DekorWorld,3.7 / 5
184,Aapnocrafts,3.0 / 5
185,YNA,3.4 / 5
186,Artshai,4.0 / 5
187,RoyalsPride,New Seller!
188,ShoppingWopping,3.7 / 5
189,HALFPIZZAARTS,New Seller!
189,UniqueDesign,"2.9
                                            / 5"
190,GIFTZ,New Seller!
191,MetierLifestyle,3.3 / 5
192,PaintingMantra,3.5 / 5
193,ReturnFavors,3.4 / 5
194,thenoddinghead,4.3 / 5
195,Aakrati,3.8 / 5
196,ShopperSpace,New Seller!
197,Vaah,3.5 / 5
198,Monil,3.1 / 5
199,Marwal,3.4 / 5
200,ArtistHaat,3.1 / 5
201,KnifeIndia,3.8 / 5
202,GiftCorner,New Seller!
203,DEEPECOMMERCE,New Seller!
204,ASHOKAVIVEKATRADERS,New Seller!
205,DivineCrafts,3.7 / 5
206,AestheticDecors,4.2 / 5
207,Biotique99,New Seller!
207,Aakrati,"3.8
                                            / 5"
208,SRCrafts,New Seller!
209,eshoppee,3.8 / 5
210,thefancymart,3.5 / 5
211,NEWLIFE,3.1 / 5
212,HASTAKALABAZAAR,New Seller!
213,USE-ME,3.7 / 5
214,HEERANART,3.5 / 5
215,SViRU,New Seller!
216,Robofi,3.6 / 5
217,Monil,3.1 / 5
218,ShivaniArt,New Seller!
219,Adaa,4.0 / 5
220,Little-India,3.4 / 5
221,Aapnocrafts,3.0 / 5
222,Jaipurraga,3.8 / 5
223,Aapnocrafts,3.0 / 5
224,Dealfinity,4.0 / 5
225,PINDIA,3.4 / 5
226,shopx,2.5 / 5
227,EVERYDAYGIFTS,4.4 / 5
228,WENS,3.1 / 5
229,EmRetail,3.6 / 5
230,AestheticDecors,4.2 / 5
231,Omarts,3.7 / 5
232,DFB,New Seller!
233,UltimateFashions,3.1 / 5
234,Artshai,4.0 / 5
235,PureLife,New Seller!
236,ChinhhariArts,3.8 / 5
237,EthnicTreat,New Seller!
238,MetierLifestyle,3.3 / 5
239,Dernier,New Seller!
240,EasyEverything,New Seller!
241,TheITechIndia,New Seller!
242,Not Available,Not Available
243,Omarts,3.7 / 5
244,BmTraders,4.0 / 5
245,KanchMall,New Seller!
246,INSPIRATIONWORLD,"4.0
                                            / 5"
246,TheEmerald,"3.4
                                            / 5"
247,JMJEWELLERY,New Seller!
247,psoverseas1,"2.6
                                            / 5"
248,BharatHaat,New Seller!
249,Greymode,New Seller!
250,madg,3.9 / 5
251,Robofi,3.6 / 5
252,Aapnocrafts,3.0 / 5
253,OPULENT,3.7 / 5
254,AestheticDecors,4.2 / 5
255,craftstoreindia,3.7 / 5
256,Anjalika,3.5 / 5
257,AestheticDecors,4.2 / 5
258,Onlineshoppee,3.5 / 5
259,IndianDecorCompany,New Seller!
260,CraftsGallery,4.5 / 5
261,Aapnocrafts,3.0 / 5
262,eshoppee,3.8 / 5
263,PaintingMantra,3.5 / 5
264,EVERYDAYGIFTS,4.4 / 5
265,GalaxyExports,3.5 / 5
266,TIEDRIBBONS,3.6 / 5
267,HANDICRAFTSPARADISE,New Seller!
268,Ashtdhatukendra,New Seller!
269,ShivaniArt,New Seller!
270,Anjalika,3.5 / 5
271,Onlineshoppee,3.5 / 5
272,ARAMANIENTERPRISE,New Seller!
273,eshoppee,3.8 / 5
274,INDIANARA,2.7 / 5
275,CLOCKSANDCLOCKS,New Seller!
276,Robofi,3.6 / 5
277,TraditionalRajasthan,3.7 / 5
278,ShopperSpace,New Seller!
279,Aapnocrafts,3.0 / 5
280,SINGIRI,3.9 / 5
281,SINGIRI,3.9 / 5
282,APKAMART,4.3 / 5
283,madg,3.9 / 5
284,JPSRETAIL,3.1 / 5
285,Aakrati,3.8 / 5
286,Clixicle,New Seller!
287,XElectronStore,4.1 / 5
288,PaintingMantra,3.5 / 5
289,Vaah,3.5 / 5
290,DecorMyCar,3.5 / 5
291,Redbag,4.1 / 5
292,DecorMyCar,3.5 / 5
293,thenoddinghead,4.3 / 5
294,Aapnocrafts,3.0 / 5
295,TraditionalRajasthan,3.7 / 5
296,ABSOLUTESOLUTIONS2015,New Seller!
296,Starstell,"3.5
                                            / 5"
297,VASTUGHAR,New Seller!
298,excellententerprise,New Seller!
299,Robofi,3.6 / 5
300,Ecoleatherette,3.6 / 5
301,JyotiIndustries,New Seller!
302,NikshubhaTraders,New Seller!
303,HEERANART,3.5 / 5
304,EduTurks,4.4 / 5
305,11Girls,4.1 / 5
306,INDIGOCART,3.7 / 5
307,SATYAMANI,4.9 / 5
308,APKAMART,4.3 / 5
309,11Girls,"4.1
                                            / 5"
309,Shreejishoppingmart,New Seller!
310,SreeBagawathiEng,3.8 / 5
311,PrestoGifts,New Seller!
312,eCraftIndia,3.5 / 5
313,Handecor,4.2 / 5
314,Aapnocrafts,3.0 / 5
315,Aapnocrafts,3.0 / 5
316,Diviniti,New Seller!
317,nilgiritouch,3.7 / 5
318,JEWELFUEL,3.7 / 5
319,HEERANART,3.5 / 5
320,Karigaari,3.4 / 5
321,ExclusiveLane,3.6 / 5
322,GalaxyExports,3.5 / 5
323,Robofi,3.6 / 5
324,Smile2u,3.5 / 5
325,Divinegifts,4.3 / 5
326,ShivaniArt,New Seller!
327,SINGIRI,3.9 / 5
328,Not Available,Not Available
329,GalaxyExports,3.5 / 5
330,ADDYZ,3.5 / 5
331,VAenterprises,New Seller!
332,eshoppee,3.8 / 5
333,Justdecorz,3.3 / 5
334,Divyamantra,4.0 / 5
335,Robofi,3.6 / 5
336,BelloPhotoFrames,3.5 / 5
337,VAenterprises,New Seller!
338,Megifting,New Seller!
339,AestheticDecors,4.2 / 5
340,nilgiritouch,3.7 / 5
341,ShoppingWopping,3.7 / 5
342,VASTUGHAR,New Seller!
343,INSPIRATIONWORLD,"4.0
                                            / 5"
343,TheEmerald,"3.4
                                            / 5"
344,DesignHut,3.6 / 5
345,eMangal,4.8 / 5
346,Paramsai,New Seller!
347,BelloPhotoFrames,3.5 / 5
348,Robofi,3.6 / 5
349,craftstoreindia,3.7 / 5
350,eCraftIndia,3.5 / 5
351,Aapnocrafts,3.0 / 5
352,Omarts,3.7 / 5
353,AmazingIndia,New Seller!
354,ChiragTraders,New Seller!
355,MSSONSHANDICRAFTS,New Seller!
355,TheEmerald,"3.4
                                            / 5"
356,JaipurCarfts,New Seller!
357,Starstell,3.5 / 5
358,ALASKAA,New Seller!
359,sse2010,3.5 / 5
360,AmazingIndia,New Seller!
361,Aakrati,3.8 / 5
362,Zucht,New Seller!
363,Smile2u,3.5 / 5
364,TheITechIndia,New Seller!
365,FangshuiVastuitems,New Seller!
366,ALASKAA,New Seller!
367,Crafticia,New Seller!
368,Aapnocrafts,3.0 / 5
369,DESERTESHOP,New Seller!
370,HEERANART,3.5 / 5
371,Picassoimpex,3.3 / 5
372,EVERYDAYGIFTS,4.4 / 5
373,TraditionalRajasthan,3.7 / 5
374,cart4craft,3.9 / 5
375,Vaah,3.5 / 5
376,ShivaniArt,New Seller!
377,eshoppee,3.8 / 5
378,VASTUGHAR,New Seller!
379,NitinsShoppee,New Seller!
380,NICENICHES,4.0 / 5
381,KRITICREATIONS,4.3 / 5
382,eshoppee,3.8 / 5
383,Omarts,3.7 / 5
384,shopx,2.5 / 5
385,AestheticDecors,4.2 / 5
386,Redbag,4.1 / 5
387,AestheticDecors,4.2 / 5
388,Hashcart,4.2 / 5
389,Omarts,3.7 / 5
390,PRAKRITA,New Seller!
391,JMJEWELLERY,New Seller!
392,DekorWorld,3.7 / 5
393,BuyRudraksha,3.5 / 5
394,RastogiHandicrafts,3.8 / 5
395,EVERYDAYGIFTS,4.4 / 5
396,Picassoimpex,3.3 / 5
397,Anjalika,3.5 / 5
398,Odishabazaar,2.7 / 5
399,NikshubhaTraders,New Seller!
400,Omarts,3.7 / 5
401,MESHAPARADISE,New Seller!
402,GalaxyExports,3.5 / 5
403,Onlineshoppee,3.5 / 5
404,DCREATIONS,New Seller!
405,TheEmerald,"3.4
                                            / 5"
405,DesignHut,"3.6
                                            / 5"
406,HALFPIZZAARTS,New Seller!
406,HOMESTYLEINDIA,New Seller!
406,TheEmerald,"3.4
                                            / 5"
407,Smile2u,3.5 / 5
408,Dernier,New Seller!
409,aaraventerprises79,New Seller!
410,Smile2u,3.5 / 5
411,Shopile,3.5 / 5
412,Karigaari,3.4 / 5
413,Indiangiftemporium,3.5 / 5
414,UniqueDesign,2.9 / 5
415,SHIPNSERVE,4.1 / 5
416,GalaxyExports,3.5 / 5
417,SEREBROARTS,New Seller!
418,Omarts,3.7 / 5
419,Picassoimpex,3.3 / 5
420,InspiredLivingg,New Seller!
421,DivineToday,New Seller!
422,BmTraders,4.0 / 5
423,EmRetail,3.6 / 5
424,ModishLook,3.7 / 5
425,SWARNIMJEWELLERS,3.8 / 5
426,hmsproduct,2.9 / 5
427,madg,3.9 / 5
428,RUCHIWORLD,New Seller!
429,BuyRudraksha,3.5 / 5
430,Gruvi,New Seller!
431,Robofi,3.6 / 5
432,shopx,2.5 / 5
433,Divyamantra,4.0 / 5
434,HEERANART,3.5 / 5
435,HEERANART,3.5 / 5
436,ShoppersBeach,New Seller!
437,TheEmerald,"3.4
                                            / 5"
437,EthnicTreat,New Seller!
438,OYEDEAL,3.8 / 5
439,1stHomesolution,New Seller!
439,1sthome,"2.8
                                            / 5"
440,KBnBS,3.2 / 5
441,eshoppee,3.8 / 5
442,Artshai,4.0 / 5
443,Smile2u,3.5 / 5
444,shopx,2.5 / 5
445,Divinegifts,4.3 / 5
446,PrabhuArts,New Seller!
447,SRCrafts,New Seller!
448,EmRetail,3.6 / 5
449,SWARNIMJEWELLERS,3.8 / 5
450,VAenterprises,New Seller!
451,Karigaari,3.4 / 5
452,Riya27,New Seller!
453,ArtistHaat,3.1 / 5
454,IMPORTWALA,3.1 / 5
455,Omarts,3.7 / 5
456,BTSPanache,3.1 / 5
457,HomeIndia,3.0 / 5
458,Aapnocrafts,3.0 / 5
459,ParasCollection,4.4 / 5
460,SunnyCorps,New Seller!
461,BHARGAVTEXTILES,"3.4
                                            / 5"
461,Biotique99,New Seller!
462,PureLife,New Seller!
463,IMPORTWALA,3.1 / 5
464,DivyaMantraa,New Seller!
465,thefancymart,3.5 / 5
466,SViRU,New Seller!
467,BelloPhotoFrames,3.5 / 5
468,Ecoleatherette,3.6 / 5
469,VAenterprises,New Seller!
470,EmRetail,3.6 / 5
471,Aapnocrafts,3.0 / 5
472,OsianMart,"3.4
                                            / 5"
472,RastogiHandicrafts,"3.8
                                            / 5"
473,AestheticDecors,4.2 / 5
474,SATYAMANI,4.9 / 5
475,DivyaMantraa,New Seller!
475,Divyamantra,"4.0
                                            / 5"
476,KRITICREATIONS,4.3 / 5
477,TheEmerald,"3.4
                                            / 5"
477,Ratash,New Seller!
478,eshoppee,3.8 / 5
479,Picassoimpex,3.3 / 5
480,SOZIRA,"3.5
                                            / 5"
480,VERAWOODS,New Seller!
480,Kwikbuy,"3.6
                                            / 5"
481,Divinegifts,4.3 / 5
482,SHIPNSERVE,4.1 / 5
483,Redbag,4.1 / 5
484,craftartz,New Seller!
485,aaraventerprises79,New Seller!
486,Statuestudio,3.8 / 5
487,SHOPIRAM,New Seller!
487,OnlinePurchas,New Seller!
488,eshoppee,3.8 / 5
489,Starstell,3.5 / 5
490,ChinhhariArts,3.8 / 5
491,Picassoimpex,3.3 / 5
492,HomeSparkle,3.5 / 5
493,AestheticDecors,4.2 / 5
494,Itiha,3.7 / 5
495,SaugatTraders,3.5 / 5
496,Aakrati,3.8 / 5
497,RastogiHandicrafts,3.8 / 5
498,BharatHaat,New Seller!
499,PyramidMart,New Seller!
500,HEERANART,3.5 / 5
501,Karigaari,3.4 / 5
502,ExclusiveLane,3.6 / 5
503,XElectronStore,4.1 / 5
504,EasternMarketing,3.5 / 5
505,DayaGroups,3.9 / 5
506,Siricreations,3.7 / 5
507,Anant,2.5 / 5
508,EmRetail,3.6 / 5
509,Odishabazaar,2.7 / 5
510,BrownVillage,New Seller!
511,UniqueDesign,2.9 / 5
512,eshoppee,3.8 / 5
513,GeniusBird,New Seller!
514,Starstell,3.5 / 5
515,Ecoleatherette,3.6 / 5
516,ONLINEWORLD,3.9 / 5
517,Vaah,3.5 / 5
518,Redbag,4.1 / 5
519,Siricreations,3.8 / 5
520,SINGIRI,3.9 / 5
521,eCraftIndia,3.5 / 5
522,eshoppee,3.8 / 5
523,ReikiCrystalProducts,New Seller!
524,eCraftIndia,3.5 / 5
525,MahaVastu,New Seller!
526,eshoppee,3.8 / 5
527,Smile2u,3.5 / 5
528,Smile2u,3.5 / 5
529,AmazingIndia,New Seller!
530,ANSHULFASHION,"3.0
                                            / 5"
530,PoojaCreationn,New Seller!
531,Siricreations,3.8 / 5
532,TheRoyalCraft,New Seller!
533,Frestol,3.6 / 5
534,TraditionalRajasthan,3.7 / 5
535,GalaxyExports,3.5 / 5
536,MahaVastu,New Seller!
537,BmTraders,4.0 / 5
538,KAUSHIKSYNERGY,3.4 / 5
539,MetierLifestyle,3.3 / 5
540,Robofi,3.6 / 5
541,Siricreations,3.8 / 5
542,aaraventerprises79,New Seller!
543,APKAMART,4.3 / 5
544,SWARNIMJEWELLERS,3.8 / 5
545,Aakrati,3.8 / 5
546,INSPIRATIONWORLD,"4.0
                                            / 5"
546,TheEmerald,"3.4
                                            / 5"
547,Odishabazaar,2.7 / 5
548,UniqueDesign,2.9 / 5
549,DivineMarketingService,New Seller!
550,PaintingMantra,3.5 / 5
551,MetierLifestyle,3.3 / 5
552,Medwakh,New Seller!
553,Craftuno,New Seller!
554,eCraftIndia,3.5 / 5
555,Handecor,4.2 / 5
556,AestheticDecors,4.2 / 5
557,RajasthanCraftArt,New Seller!
558,VAenterprises,New Seller!
559,ADDYZ,3.5 / 5
560,JPSRETAIL,3.1 / 5
561,JPSRETAIL,3.1 / 5
562,MetierLifestyle,3.3 / 5
563,eCraftIndia,3.5 / 5
564,Aapnocrafts,3.0 / 5
565,FineDor,New Seller!
566,Omarts,3.7 / 5
567,TheHolyMart,New Seller!
568,IndianArtVilla,3.8 / 5
569,Sutradecor,3.5 / 5
570,Aakrati,3.8 / 5
571,BharatHaat,New Seller!
572,eCraftIndia,3.5 / 5
573,Dealfinity,"4.0
                                            / 5"
573,OYEDEAL,"3.8
                                            / 5"
574,giftsbymeeta,3.4 / 5
575,MetierLifestyle,3.3 / 5
576,MetierLifestyle,3.3 / 5
577,TheRoyalCraft,New Seller!
578,Not Available,Not Available
579,eCraftIndia,3.5 / 5
580,eMangal,4.8 / 5
581,Shivangi,3.5 / 5
582,samriddhivastu,New Seller!
583,GREENHOUSE,New Seller!
584,HALFPIZZAARTS,New Seller!
584,Onlineshoppee,"3.5
                                            / 5"
584,TheEmerald,"3.4
                                            / 5"
585,eshoppee,3.8 / 5
586,Kraftivity,New Seller!
587,MERLINDIGITALINDIA,New Seller!
588,INDIANARA,2.7 / 5
589,DivyaMantraa,New Seller!
590,FancyInterio,New Seller!
591,Aapnocrafts,3.0 / 5
592,EVERYDAYGIFTS,4.4 / 5
593,Deoksions,New Seller!
594,VAenterprises,New Seller!
595,Starstell,3.5 / 5
596,ExclusiveLane,3.6 / 5
597,Anjalika,3.5 / 5
598,Robofi,3.6 / 5
599,SViRU,New Seller!
600,UCS,New Seller!
601,DivineCrafts,3.7 / 5
602,Aakrati,3.8 / 5
603,Aapnocrafts,3.0 / 5
604,Tootpado,3.8 / 5
605,aaraventerprises79,New Seller!
606,Handecor,4.2 / 5
607,PoojaCreationn,New Seller!
607,AmitRadheyCollection,New Seller!
608,JEWELFUEL,3.7 / 5
609,Sutradecor,3.5 / 5
610,Riya27,New Seller!
611,UCS,New Seller!
612,Picassoimpex,3.3 / 5
613,nilgiritouch,3.7 / 5
614,DecorMyCar,"3.5
                                            / 5"
614,UTKARSHTRADERS,New Seller!
615,Hashcart,4.2 / 5
616,SINGIRI,3.9 / 5
617,eshoppee,3.8 / 5
618,Anjalika,3.5 / 5
619,VAenterprises,New Seller!
620,cart4craft,3.9 / 5
621,JPSRETAIL,3.1 / 5
622,HDCrafts,New Seller!
622,TheEmerald,"3.4
                                            / 5"
623,IndiaBongs,3.8 / 5
624,IndiaBongs,3.8 / 5
625,RatnaHandicrafts,3.6 / 5
626,JyotiIndustries,New Seller!
627,Sitare,New Seller!
628,AmazingIndia,New Seller!
629,Divinegifts,4.3 / 5
630,HALFPIZZAARTS,New Seller!
630,pinkcityvilla,New Seller!
631,Onlineshoppee,3.5 / 5
632,SRCrafts,New Seller!
633,MSSONSHANDICRAFTS,New Seller!
634,ToysRIN,2.9 / 5
635,Clixicle,New Seller!
636,EVERYDAYGIFTS,4.4 / 5
637,DISCOUNT4PRODUCT,New Seller!
638,Alankruthi,3.9 / 5
639,AmazingIndia,New Seller!
640,Divinegifts,4.3 / 5
641,Aakrati,3.8 / 5
642,DivyaMantraa,New Seller!
643,Odishabazaar,2.7 / 5
644,Anjalika,3.5 / 5
645,Rajrang,3.8 / 5
646,AapnoRajasthan,3.6 / 5
647,EasyEverything,New Seller!
648,BullRider,3.1 / 5
649,StoreIndya,3.8 / 5
650,Monil,3.1 / 5
651,HomeIndia,3.0 / 5
652,Alankruthi,3.9 / 5
653,Aapnocrafts,3.0 / 5
654,Folkshopz,New Seller!
655,TheEmerald,3.4 / 5
656,Agrasen,New Seller!
657,HALFPIZZAARTS,New Seller!
657,UniqueDesign,"2.9
                                            / 5"
658,eMangal,4.8 / 5
659,StopShopGo ,3.6 / 5
660,Robofi,3.6 / 5
661,Aapnocrafts,3.0 / 5
662,SINGIRI,3.9 / 5
663,Aakrati,3.8 / 5
664,Aapnocrafts,3.0 / 5
665,LATA,3.8 / 5
666,OYEDEAL,3.8 / 5
667,Marwal,3.4 / 5
668,ChinhhariArts,3.8 / 5
669,Purpledip,3.2 / 5
670,JPSRETAIL,3.1 / 5
671,IndiaBongs,3.8 / 5
672,Divinegifts,4.3 / 5
673,Alankruthi,3.9 / 5
674,NikshubhaTraders,New Seller!
675,TheITechIndia,New Seller!
676,Odishabazaar,2.7 / 5
677,Agrasen,New Seller!
678,PRAGYACREATIONS,New Seller!
679,eCraftIndia,3.5 / 5
680,11Girls,4.1 / 5
681,MSSONSHANDICRAFTS,New Seller!
682,Onlineshoppee,3.5 / 5
683,shopx,2.5 / 5
684,RastogiHandicrafts,3.8 / 5
685,TIEDRIBBONS,3.6 / 5
686,AapnoRajasthan,3.6 / 5
687,SthriElite,3.1 / 5
688,Divinegifts,4.3 / 5
689,eCraftIndia,3.5 / 5
690,INSPIRATIONWORLD,"4.0
                                            / 5"
690,TheEmerald,"3.4
                                            / 5"
691,thehandicrafts,4.6 / 5
692,panditnmshrimali,New Seller!
693,ReikiCrystalProducts,New Seller!
694,TulsiOnline,New Seller!
695,MetierLifestyle,3.3 / 5
696,IndiaBongs,3.8 / 5
697,SWAPKRI,New Seller!
698,EmRetail,3.6 / 5
699,Deepikaenterprises,New Seller!
700,Divinegifts,4.3 / 5
701,EARTH,3.2 / 5
702,Odishabazaar,2.7 / 5
703,ShubhBhaktii,2.8 / 5
704,Divyamantra,4.0 / 5
705,TheEmerald,"3.4
                                            / 5"
705,HOMESTYLEINDIA,New Seller!
706,Robofi,3.6 / 5
707,MetierLifestyle,3.3 / 5
708,PaintingMantra,3.5 / 5
709,SINGIRI,3.9 / 5
710,Redbag,4.1 / 5
711,TOFA,New Seller!
712,Divyamantra,4.0 / 5
713,Sitare,New Seller!
714,EKLAVYAGROUPS,New Seller!
715,Jaipurraga,3.8 / 5
716,BmTraders,4.0 / 5
717,Anjalika,3.5 / 5
718,PaintingMantra,3.5 / 5
719,IndiaBongs,3.8 / 5
720,CLOCKSANDCLOCKS,New Seller!
721,giftsbymeeta,3.4 / 5
722,eCraftIndia,3.5 / 5
723,GRJINDIA,3.3 / 5
724,NikshubhaTraders,New Seller!
725,Divinegifts,4.3 / 5
726,URBANMONKCREATIONS,3.6 / 5
727,TheEmerald,3.4 / 5
728,Onlineshoppee,3.5 / 5
729,VAenterprises,New Seller!
730,Divyamantra,4.0 / 5
731,CLOCKSANDCLOCKS,New Seller!
732,IndiaBongs,3.8 / 5
733,Arghyam,New Seller!
734,eCraftIndia,3.5 / 5
735,Utsavhandicraft,New Seller!
736,SINGIRI,3.9 / 5
737,Aakrati,3.8 / 5
738,ToysRIN,2.9 / 5
739,Smile2u,3.5 / 5
740,Aapnocrafts,3.0 / 5
741,TheEmerald,"3.4
                                            / 5"
741,HOMESTYLEINDIA,New Seller!
742,Anjalika,3.5 / 5
743,IndiaBongs,3.8 / 5
744,MetierLifestyle,3.3 / 5
745,Aakrati,3.8 / 5
746,eCraftIndia,3.5 / 5
747,NamaskaarIndia,3.0 / 5
748,TraditionalRajasthan,3.7 / 5
749,CollectibleIndia,New Seller!
750,HALFPIZZAARTS,New Seller!
750,DesignHut,"3.6
                                            / 5"
750,TheEmerald,"3.4
                                            / 5"
751,EmRetail,3.6 / 5
752,ToysRIN,2.9 / 5
753,SWARNIMJEWELLERS,3.8 / 5
754,IndiaBongs,3.8 / 5
755,Robofi,3.6 / 5
756,MOKSHA1403,New Seller!
757,Diviniti,New Seller!
758,HeelsNHandles,3.8 / 5
759,GoldArt,New Seller!
760,CollectibleIndia,New Seller!
761,Omarts,3.7 / 5
762,Handecor,4.2 / 5
763,Aapnocrafts,3.0 / 5
764,Starstell,3.5 / 5
765,11Girls,4.1 / 5
766,VAenterprises,New Seller!
767,IndiaBongs,3.8 / 5
768,Shivangi,3.5 / 5
769,Sutradecor,3.5 / 5
770,Divinegifts,"4.3
                                            / 5"
770,Biotique99,New Seller!
771,EfficiaStore,4.1 / 5
772,Smile2u,3.5 / 5
773,Aakrati,3.8 / 5
774,Rajrang,3.8 / 5
775,RoyalsPride,New Seller!
776,11Girls,4.1 / 5
777,BmTraders,4.0 / 5
778,IndiaBongs,3.8 / 5
779,IndiaBongs,3.8 / 5
780,IndiaBongs,3.8 / 5
781,Aakrati,3.8 / 5
782,eCraftIndia,3.5 / 5
783,ShivaniArt,New Seller!
784,Aakrati,"3.8
                                            / 5"
784,Biotique99,New Seller!
785,Omarts,3.7 / 5
786,eCraftIndia,3.5 / 5
787,RastogiHandicrafts,3.8 / 5
788,11Girls,4.1 / 5
789,INSPIRATIONWORLD,4.0 / 5
790,Plusvalue,New Seller!
791,Picassoimpex,3.3 / 5
792,Clixicle,New Seller!
793,AestheticDecors,4.2 / 5
794,Diviniti,New Seller!
795,Alankruthi,3.9 / 5
796,Divinegifts,4.3 / 5
797,Aapnocrafts,3.0 / 5
798,thefancymart,3.5 / 5
799,eMangal,4.8 / 5
800,DivyaMantraa,New Seller!
801,Crafticia,New Seller!
802,Dealfinity,4.0 / 5
803,SMGHUT,New Seller!
804,Medwakh,New Seller!
805,RajasthanCraftArt,New Seller!
806,Zucht,New Seller!
807,CARFASHION,New Seller!
808,bharatst,"3.4
                                            / 5"
808,TheEssentials,"3.2
                                            / 5"
809,nilgiritouch,3.7 / 5
810,eshoppee,3.8 / 5
811,OYEDEAL,3.8 / 5
812,HANDICRAFTSPARADISE,New Seller!
813,MSSONSHANDICRAFTS,New Seller!
814,INSPIRATIONWORLD,4.0 / 5
815,MetierLifestyle,3.3 / 5
816,AestheticDecors,4.2 / 5
817,AainaHomeDecor,New Seller!
818,craftstoreindia,3.7 / 5
819,madg,3.9 / 5
820,Vaah,3.5 / 5
821,StonKraft,3.9 / 5
822,Tootpado,3.8 / 5
823,VianInternational,3.6 / 5
824,JAIMAHALAXMI,3.4 / 5
825,OnlinePurchas,New Seller!
825,VianInternational,"3.6
                                            / 5"
826,BullRider,3.1 / 5
827,IndiaBongs,3.8 / 5
828,Picassoimpex,3.3 / 5
829,Omarts,3.7 / 5
830,NikshubhaTraders,New Seller!
831,CollectibleIndia,New Seller!
832,Alankruthi,3.9 / 5
833,AestheticDecors,4.2 / 5
834,Odishabazaar,"2.7
                                            / 5"
834,eshoppee,"3.8
                                            / 5"
835,giftsbymeeta,3.4 / 5
836,ArtsyIndia,New Seller!
837,BagruCrafts,2.7 / 5
838,ExclusiveLane,3.6 / 5
839,IndiaBongs,3.8 / 5
840,EVERYDAYGIFTS,4.4 / 5
841,eCraftIndia,3.5 / 5
842,Aapnocrafts,3.0 / 5
843,ScorpionV,3.6 / 5
844,Handecor,4.2 / 5
845,INDIANARA,2.7 / 5
846,JPSRETAIL,3.1 / 5
847,PoojaCreationn,New Seller!
848,UtkalikaHandicrafts,New Seller!
849,Aakrati,3.8 / 5
850,CARDRESSERS,3.3 / 5
851,EVERYDAYGIFTS,4.4 / 5
852,Dernier,New Seller!
852,TheElectronicWorld,"3.7
                                            / 5"
853,CONCEPTIONENTERPRISES,New Seller!
854,eCraftIndia,3.5 / 5
855,GACTREND,New Seller!
856,Handecor,4.2 / 5
857,EARTH,3.2 / 5
858,ANHIndia,New Seller!
859,APSTRADINGCOMPANY,New Seller!
860,ARORAARTIFICIALPLANTS,New Seller!
861,SAF,3.6 / 5
862,MetierLifestyle,3.3 / 5
863,Smile2u,3.5 / 5
864,IndiaBongs,3.8 / 5
865,TraditionalRajasthan,3.7 / 5
866,SaiShop,New Seller!
867,eCraftIndia,3.5 / 5
868,AamoreDecor,3.1 / 5
869,SunnyCorps,New Seller!
870,TheEmerald,"3.4
                                            / 5"
870,INSPIRATIONWORLD,"4.0
                                            / 5"
871,eCraftIndia,3.5 / 5
872,JindalCraftsDotCom,New Seller!
873,ExclusiveLane,3.6 / 5
874,KingInternational,3.3 / 5
875,MetierLifestyle,3.3 / 5
876,NITEO,New Seller!
877,Divinegifts,4.3 / 5
878,SunnyCorps,New Seller!
879,Zucht,New Seller!
880,AestheticDecors,4.2 / 5
881,Aakrati,3.8 / 5
882,GalaxyExports,3.5 / 5
883,EnfinHomes,3.5 / 5
884,eCraftIndia,3.5 / 5
885,Monil,3.1 / 5
886,ALASKAA,New Seller!
887,PaintingMantra,3.5 / 5
888,Robofi,3.6 / 5
889,Divinegifts,4.3 / 5
890,Tathastu,New Seller!
891,SINGIRI,3.9 / 5
892,Siricreations,3.8 / 5
893,TheEmerald,"3.4
                                            / 5"
893,EmRetail,"3.6
                                            / 5"
894,NEWDEALZ,3.5 / 5
895,BUZZING,New Seller!
896,ANSHULFASHION,3.0 / 5
897,TheEmerald,"3.4
                                            / 5"
897,BEYONDDIMAGINE,New Seller!
898,RastogiHandicrafts,3.8 / 5
899,MetierLifestyle,3.3 / 5
900,Amvera,3.2 / 5
901,TIEDRIBBONS,3.6 / 5
902,MetallicKreationz,New Seller!
903,PrishaIndiaCraft,4.0 / 5
904,eCraftIndia,3.5 / 5
905,Hashcart,4.2 / 5
906,EKLAVYAGROUPS,New Seller!
907,GalaxyExports,3.5 / 5
908,madg,3.9 / 5
909,GalaxyExports,3.5 / 5
910,Starstell,3.5 / 5
911,MetierLifestyle,3.3 / 5
912,INDIANARA,2.7 / 5
913,Orchard,3.4 / 5
914,akinterantional,New Seller!
915,DekorWorld,3.7 / 5
916,SthriElite,3.1 / 5
917,Jaipurraga,3.8 / 5
918,Aakrati,3.8 / 5
919,VASTUGHAR,New Seller!
920,ADDYZ,"3.5
                                            / 5"
920,RSADORIT,New Seller!
921,GalaxyExports,3.5 / 5
922,ARAMANIENTERPRISE,New Seller!
923,IndiaBongs,3.8 / 5
924,Infinity,4.0 / 5
925,Rippals,New Seller!
926,eCraftIndia,3.5 / 5
927,SINGIRI,3.9 / 5
928,abbasmohammad,New Seller!
928,ParasCollection,"4.4
                                            / 5"
929,Divinegifts,4.3 / 5
930,PINDIA,3.4 / 5
931,Anjalika,3.5 / 5
932,VASTUGHAR,New Seller!
933,Divyamantra,4.0 / 5
934,Dealfinity,4.0 / 5
935,Ecoleatherette,3.6 / 5
936,WASSUPSHOP,3.4 / 5
937,Handecor,4.2 / 5
938,artistichandicrafts,New Seller!
939,Aapnocrafts,3.0 / 5
940,Redbag,4.1 / 5
941,INDIANARA,2.7 / 5
942,KOYAZ,New Seller!
943,RastogiHandicrafts,3.8 / 5
944,PrismOnline,3.7 / 5
945,KnifeIndia,3.8 / 5
946,SRCrafts,New Seller!
947,AnMCorporation,New Seller!
948,PaintingMantra,3.5 / 5
949,DivineCrafts,3.7 / 5
950,akinterantional,New Seller!
951,BharatHaat,New Seller!
952,aaraventerprises79,New Seller!
953,eshoppee,3.8 / 5
954,ADDYZ,3.5 / 5
955,eCraftIndia,3.5 / 5
956,GREENHOUSE,New Seller!
957,Starstell,3.5 / 5
958,Ecoleatherette,3.6 / 5
959,Robofi,3.6 / 5
960,SViRU,New Seller!
961,PoojaCreationn,New Seller!
961,ANSHULFASHION,"3.0
                                            / 5"
962,SunnyCorps,New Seller!
963,eCraftIndia,3.5 / 5
964,Sutradecor,3.5 / 5
965,JupiterElite,New Seller!
966,Odishabazaar,2.7 / 5
967,HEERANART,3.5 / 5
968,Handecor,4.2 / 5
969,GalaxyExports,3.5 / 5
970,madg,3.9 / 5
971,MetierLifestyle,3.3 / 5
972,MetierLifestyle,3.3 / 5
973,Dealfinity,4.0 / 5
974,Redbag,4.1 / 5
975,NikshubhaTraders,New Seller!
976,ShoppingWopping,3.7 / 5
977,SHIPNSERVE,4.1 / 5
978,11Girls,4.1 / 5
979,OYEDEAL,3.8 / 5
980,MAHADEVHANDICRAFTS,New Seller!
981,fashionbizz,New Seller!
981,PIONEERPRAGATI,New Seller!
982,TRISTON,"3.0
                                            / 5"
982,TheEmerald,"3.4
                                            / 5"
983,Robofi,3.6 / 5
984,BullRider,3.1 / 5
985,APKAMART,4.3 / 5
986,AmazingIndia,New Seller!
987,Redbag,4.1 / 5
988,eCraftIndia,3.5 / 5
989,GRJINDIA,3.3 / 5
990,VAenterprises,New Seller!
991,OYEDEAL,3.8 / 5
992,Starstell,3.5 / 5
993,Aapnocrafts,3.0 / 5
994,INDIANARA,2.7 / 5
995,Ecoleatherette,3.6 / 5
996,BullRider,3.1 / 5
997,BharatHaat,New Seller!
998,PriyankaTrading,3.0 / 5
999,Statuestudio,3.8 / 5
1000,Arghyam,New Seller!
1001,CreativityCentre,3.1 / 5
1002,INDIANARA,2.7 / 5
1003,PureLife,New Seller!
1004,VRGhodkeSaraf,New Seller!
1004,JobTapri,"2.6
                                            / 5"
1005,eCraftIndia,3.5 / 5
1006,DesignOPrint,New Seller!
1007,NITEO,New Seller!
1008,OfficialAgent,3.4 / 5
1009,Madhuvan,New Seller!
1010,eGifts,New Seller!
1011,PoorviGallery,New Seller!
1012,SWARNIMJEWELLERS,3.8 / 5
1013,CollectibleIndia,New Seller!
1014,Paramsai,New Seller!
1015,IRIS01,New Seller!
1016,Aapnocrafts,3.0 / 5
1017,karukraft,4.2 / 5
1018,11Girls,4.1 / 5
1019,OfficialAgent,3.4 / 5
1020,ArtistHaat,3.1 / 5
1021,Aakrati,3.8 / 5
1022,SalvusAppSolutions,New Seller!
1023,SunnyCorps,New Seller!
1024,Odishabazaar,2.7 / 5
1025,kaushalcreation,New Seller!
1026,ChinhhariArts,3.8 / 5
1027,halowishes,New Seller!
1028,eshoppee,3.8 / 5
1029,11Girls,4.1 / 5
1030,EnfinHomes,3.5 / 5
1031,Ecoleatherette,3.6 / 5
1032,Anjalika,3.5 / 5
1033,Divinegifts,4.3 / 5
1034,nilgiritouch,3.7 / 5
1035,Divinegifts,4.3 / 5
1036,Aakrati,3.8 / 5
1037,ParasCollection,4.4 / 5
1038,RastogiHandicrafts,3.8 / 5
1039,HALFPIZZAARTS,New Seller!
1039,UniqueDesign,"2.9
                                            / 5"
1040,JPSRETAIL,3.1 / 5
1041,Aapnocrafts,3.0 / 5
1042,VAenterprises,New Seller!
1043,INDIANARA,2.7 / 5
1044,AmazingIndia,New Seller!
1045,EARTH,3.2 / 5
1046,Divinegifts,4.3 / 5
1047,RUCHIWORLD,New Seller!
1048,nilgiritouch,3.7 / 5
1049,SUNITAFASHION,2.2 / 5
1050,Gathbandhan,3.7 / 5
1051,ARTnHUB,New Seller!
1052,DivineCrafts,3.7 / 5
1053,PcockArtsNCrafts,New Seller!
1054,ChinhhariArts,3.8 / 5
1055,Ecoleatherette,3.6 / 5
1056,Robofi,3.6 / 5
1057,KararaMujassme,New Seller!
1058,SKMRETAIL,3.7 / 5
1059,AestheticDecors,4.2 / 5
1060,craftstoreindia,3.7 / 5
1061,GhasitaramGifts,2.9 / 5
1062,JobTapri,"2.6
                                            / 5"
1062,RajHeera,"2.6
                                            / 5"
1063,HANDICRAFTSPARADISE,New Seller!
1064,GalaxyExports,3.5 / 5
1065,VAenterprises,New Seller!
1066,Robofi,3.6 / 5
1067,OfficialAgent,3.4 / 5
1068,Karigaari,3.4 / 5
1069,Sutradecor,3.5 / 5
1070,ParasCollection,4.4 / 5
1071,APKAMART,4.3 / 5
1072,SWARNIMJEWELLERS,3.8 / 5
1073,Vaah,3.5 / 5
1074,Furncoms,New Seller!
1074,ELROE,"4.3
                                            / 5"
1075,StationeryHouse,3.9 / 5
1076,TheEmerald,"3.4
                                            / 5"
1076,INSPIRATIONWORLD,"4.0
                                            / 5"
1077,KingInternational,3.3 / 5
1078,ShopperSpace,New Seller!
1079,OfficialAgent,3.4 / 5
1080,OfficialAgent,3.4 / 5
1081,Little-India,3.4 / 5
1082,ShivaniArt,New Seller!
1083,APKAMART,4.3 / 5
1084,FGearUber,4.1 / 5
1085,Gaura0141302020,New Seller!
1086,Gruvi,New Seller!
1087,GREENHOUSE,New Seller!
1088,Jaipurihaat,3.9 / 5
1089,11Girls,4.1 / 5
1090,PureLife,New Seller!
1091,OfficialAgent,3.4 / 5
1092,CraftKing,2.8 / 5
1093,eCraftIndia,3.5 / 5
1094,CreativityCentre,3.1 / 5
1095,Shivangi,"3.5
                                            / 5"
1095,DecorMyCar,"3.5
                                            / 5"
1096,MOKSHA1403,New Seller!
1097,Diviniti,New Seller!
1098,TIEDRIBBONS,3.6 / 5
1099,11Girls,4.1 / 5
1100,nilgiritouch,3.7 / 5
1101,PIONEERPRAGATI,New Seller!
1102,ESTUDIO,New Seller!
1103,aaravinternational,3.6 / 5
1104,OfficialAgent,3.4 / 5
1105,akinterantional,New Seller!
1106,SunnyCorps,New Seller!
1107,AestheticDecors,4.2 / 5
1108,AestheticDecors,4.2 / 5
1109,DayaGroups,3.9 / 5
1110,BagruCrafts,2.7 / 5
1111,ArtsyIndia,New Seller!
1112,KraftNation,New Seller!
1113,excitingLives,4.0 / 5
1114,OfficialAgent,3.4 / 5
1115,OfficialAgent,3.4 / 5
1116,OfficialAgent,3.4 / 5
1117,eCraftIndia,3.5 / 5
1118,JustShopee,New Seller!
1119,halowishes,New Seller!
1120,akinterantional,New Seller!
1121,craftstoreindia,3.7 / 5
1122,Starstell,"3.5
                                            / 5"
1122,Bhavyaenterprises,New Seller!
1123,TheEmerald,"3.4
                                            / 5"
1123,BEYONDDIMAGINE,New Seller!
1124,Sitare,New Seller!
1125,UnitedColorsJaipur,New Seller!
1126,Sitare,New Seller!
1127,OfficialAgent,3.4 / 5
1128,OfficialAgent,3.4 / 5
1129,CARDRESSERS,3.3 / 5
1130,Divinegifts,4.3 / 5
1131,DharoharTheHeritage,New Seller!
1132,Zucht,New Seller!
1133,Sutradecor,3.5 / 5
1134,VASTUGHAR,New Seller!
1135,Divyamantra,4.0 / 5
1136,ChinhhariArts,3.8 / 5
1137,Decorhand,3.6 / 5
1138,Aapnocrafts,3.0 / 5
1139,OfficialAgent,3.4 / 5
1140,MetierLifestyle,3.3 / 5
1141,ArtistHaat,"3.1
                                            / 5"
1141,PoojaCreationn,New Seller!
1142,Adaa,4.0 / 5
1143,Redbag,4.1 / 5
1144,CraftArtIndia,3.4 / 5
1145,CARDRESSERS,3.3 / 5
1146,CraftsGallery,4.5 / 5
1147,APKAMART,4.3 / 5
1148,Starstell,3.5 / 5
1149,VianInternational,3.6 / 5
1150,INDIANARA,2.7 / 5
1151,OfficialAgent,3.4 / 5
1152,OfficialAgent,3.4 / 5
1153,eCraftIndia,3.5 / 5
1154,Savariya,New Seller!
1155,ParasCollection,4.4 / 5
1156,craftstoreindia,3.7 / 5
1157,Alankruthi,3.9 / 5
1158,Craftuno,New Seller!
1159,SHOPIRAM,New Seller!
1160,Aapnocrafts,3.0 / 5
1161,ELROE,4.3 / 5
1162,ONLINEWORLD,3.9 / 5
1163,DEEPECOMMERCE,New Seller!
1164,KIDOZ,New Seller!
1165,ArtMaharaja,New Seller!
1166,INDIANARA,2.7 / 5
1167,TraditionalRajasthan,3.7 / 5
1168,Diviniti,New Seller!
1169,CollectibleIndia,New Seller!
1170,Handecor,4.2 / 5
1171,OYEDEAL,3.8 / 5
1172,EnfinHomes,3.5 / 5
1173,Tootpado,3.8 / 5
1174,giftsbymeeta,3.4 / 5
1175,KIDOZ,New Seller!
1176,Siricreations,3.8 / 5
1177,DesignHut,3.6 / 5
1178,madg,3.9 / 5
1179,NikshubhaTraders,New Seller!
1180,Vaah,3.5 / 5
1181,DecorMyCar,3.5 / 5
1182,eCraftIndia,3.5 / 5
1183,GalaxyExports,3.5 / 5
1184,OYEDEAL,3.8 / 5
1185,PureLife,New Seller!
1186,PureLife,New Seller!
1187,KIDOZ,New Seller!
1188,ZOREXSTORE,New Seller!
1189,DecorMyCar,3.5 / 5
1190,CreativityCentre,3.1 / 5
1191,GDMART,3.9 / 5
1192,HeelsNHandles,3.8 / 5
1193,1stHomesolution,New Seller!
1193,1sthome,"2.8
                                            / 5"
1194,JobTapri,"2.6
                                            / 5"
1194,RajHeera,"2.6
                                            / 5"
1195,ExclusiveLane,3.6 / 5
1196,AapnoRajasthan,3.6 / 5
1197,ReikiCrystalProducts,New Seller!
1198,TraditionalRajasthan,3.7 / 5
1199,ZOREXSTORE,New Seller!
1200,ZOREXSTORE,New Seller!
1201,cart4craft,3.9 / 5
1202,BmTraders,4.0 / 5
1203,panditnmshrimali,New Seller!
1204,Alankruthi,3.9 / 5
1205,bfashionable,4.1 / 5
1206,Dealfinity,4.0 / 5
1207,SAF,3.6 / 5
1208,Aapnocrafts,3.0 / 5
1209,GalaxyExports,3.5 / 5
1210,ZOREXSTORE,New Seller!
1211,ZOREXSTORE,New Seller!
1212,KhatteMeetheDesires,New Seller!
1213,Karigaari,3.4 / 5
1214,Aakrati,3.8 / 5
1215,CreativityCentre,3.1 / 5
1216,krafthub,New Seller!
1217,Divinegifts,4.3 / 5
1218,ChiragTraders,New Seller!
1219,Onlineshoppee,3.5 / 5
1220,POTTERYBYMANJARIKANOI,New Seller!
1221,OnlinePurchas,New Seller!
1221,YOU2DEAL,New Seller!
1222,FangshuiVastuitems,New Seller!
1223,ZOREXSTORE,New Seller!
1224,ZOREXSTORE,New Seller!
1225,Adaa,4.0 / 5
1226,KKI,New Seller!
1227,AapnoRajasthan,3.6 / 5
1228,ShoppingWopping,3.7 / 5
1229,Golmaalshop,New Seller!
1230,HALFPIZZAARTS,New Seller!
1230,TheEmerald,"3.4
                                            / 5"
1231,BharatHaat,New Seller!
1232,HAN,New Seller!
1233,pghandicrafts,New Seller!
1234,Aapnocrafts,3.0 / 5
1235,ONLINEWORLD,3.9 / 5
1236,Paramparaz,New Seller!
1237,Statuestudio,3.8 / 5
1238,Adaa,4.0 / 5
1239,SINGIRI,3.9 / 5
1240,BmTraders,4.0 / 5
1241,NikshubhaTraders,New Seller!
1242,eshoppee,3.8 / 5
1243,ShopTrad,3.1 / 5
1244,VASTUGHAR,New Seller!
1245,Starstell,3.5 / 5
1246,Smile2u,3.5 / 5
1247,INDIANARA,2.7 / 5
1248,INDIANARA,2.7 / 5
1249,Alankruthi,3.9 / 5
1250,Megifting,New Seller!
1251,Arghyam,New Seller!
1252,EduTurks,4.4 / 5
1253,SINGIRI,3.9 / 5
1254,AestheticDecors,4.2 / 5
1255,Aapnocrafts,3.0 / 5
1256,ServicesJunction,4.2 / 5
1257,SunnyCorps,New Seller!
1258,Capturinghappiness,New Seller!
1259,Capturinghappiness,New Seller!
1260,Paramparaz,New Seller!
1261,ChinhhariArts,3.8 / 5
1262,VillageStores,3.8 / 5
1263,Divinegifts,4.3 / 5
1264,VABROS,New Seller!
1265,EVERYDAYGIFTS,4.4 / 5
1266,ArtistHaat,3.1 / 5
1267,BagruCrafts,2.7 / 5
1268,DESERTESHOP,New Seller!
1269,MSSONSHANDICRAFTS,New Seller!
1269,TheEmerald,"3.4
                                            / 5"
1270,eshoppee,3.8 / 5
1271,Asianaura,New Seller!
1272,Asianaura,New Seller!
1273,Not Available,Not Available
1274,aaraventerprises79,New Seller!
1275,aaraventerprises79,New Seller!
1276,aaraventerprises79,New Seller!
1277,ReturnFavors,3.4 / 5
1278,Dealfinity,4.0 / 5
1279,ShopTrad,3.1 / 5
1280,dealopedia,New Seller!
1281,bharatst,3.4 / 5
1282,GalaxyExports,3.5 / 5
1283,Asianaura,New Seller!
1284,Asianaura,New Seller!
1285,NAVARATINAM,New Seller!
1286,SWARNIMJEWELLERS,3.8 / 5
1287,ReturnFavors,3.4 / 5
1288,ReturnFavors,3.4 / 5
1289,ReturnFavors,3.4 / 5
1290,Hatti,New Seller!
1291,Starstell,3.5 / 5
1292,DivineCrafts,3.7 / 5
1293,Dealfinity,"4.0
                                            / 5"
1293,OYEDEAL,"3.8
                                            / 5"
1294,Asianaura,New Seller!
1295,Asianaura,New Seller!
1296,Asianaura,New Seller!
1297,ReturnFavors,3.4 / 5
1298,ReturnFavors,3.4 / 5
1299,ReturnFavors,3.4 / 5
1300,TraditionalRajasthan,3.7 / 5
1301,ReturnFavors,3.4 / 5
1302,ShubhBhaktii,2.8 / 5
1303,MSSONSHANDICRAFTS,New Seller!
1304,Divyamantra,4.0 / 5
1305,NikshubhaTraders,New Seller!
1306,ARTnHUB,New Seller!
1307,ARTnHUB,New Seller!
1308,ARTnHUB,New Seller!
1309,ReturnFavors,3.4 / 5
1310,eGifts,New Seller!
1311,ShyamBabaEnterprises,New Seller!
1312,craftartz,New Seller!
1313,JyotiIndustries,New Seller!
1314,Aapnocrafts,3.0 / 5
1315,ShivaniArt,New Seller!
1316,VAenterprises,New Seller!
1317,Hatti,New Seller!
1318,ARTnHUB,New Seller!
1319,ARTnHUB,New Seller!
1320,ARTnHUB,New Seller!
1321,eCraftIndia,3.5 / 5
1322,Little-India,3.4 / 5
1323,Vaah,3.5 / 5
1324,Dealfinity,4.0 / 5
1325,INDIANARA,2.7 / 5
1326,eshoppee,3.8 / 5
1327,JPSRETAIL,3.1 / 5
1328,TraditionalRajasthan,3.7 / 5
1329,KOSHENTERPRISES,3.9 / 5
1330,AestheticDecors,4.2 / 5
1331,ARTnHUB,New Seller!
1332,ARTnHUB,New Seller!
1333,Aakrati,3.8 / 5
1334,Oberoi,New Seller!
1335,ReturnFavors,3.4 / 5
1336,ReturnFavors,3.4 / 5
1337,EARTH,3.2 / 5
1338,RoyalsPride,New Seller!
1339,VAenterprises,New Seller!
1340,ReikiCrystalProducts,New Seller!
1341,MagnificentCreations,New Seller!
1342,eCraftIndia,3.5 / 5
1343,ARTnHUB,New Seller!
1344,ARTnHUB,New Seller!
1345,SajawatBazaar,3.7 / 5
1346,Not Available,Not Available
1347,SoftnetInfosystem,New Seller!
1348,ReturnFavors,3.4 / 5
1349,DISCOUNT4PRODUCT,New Seller!
1350,Jaipurihaat,3.9 / 5
1351,VASTUGHAR,New Seller!
1352,eshoppee,"3.8
                                            / 5"
1352,KRITICREATIONS,"4.3
                                            / 5"
1353,Anjalika,3.5 / 5
1354,ZOREXSTORE,New Seller!
1355,ZOREXSTORE,New Seller!
1356,ZOREXSTORE,New Seller!
1357,Aapnocrafts,3.0 / 5
1358,nilgiritouch,3.7 / 5
1359,Aakrati,3.8 / 5
1360,Omarts,3.7 / 5
1361,SINGIRI,3.9 / 5
1362,TheEmerald,"3.4
                                            / 5"
1362,HOMESTYLEINDIA,New Seller!
1363,Indiangiftemporium,3.5 / 5
1364,TRISTON,3.0 / 5
1365,Artshai,4.0 / 5
1366,VJNS,New Seller!
1367,ZOREXSTORE,New Seller!
1368,ZOREXSTORE,New Seller!
1369,UCS,New Seller!
1370,Divinegifts,4.3 / 5
1371,NikshubhaTraders,New Seller!
1372,SaugatTraders,3.5 / 5
1373,Oberoi,New Seller!
1374,Onlineshoppee,3.5 / 5
1375,11Girls,4.1 / 5
1376,TheEmerald,3.4 / 5
1377,pghandicrafts,New Seller!
1378,rsvintage,New Seller!
1379,ZOREXSTORE,New Seller!
1380,ZOREXSTORE,New Seller!
1381,SWARNIMJEWELLERS,3.8 / 5
1382,aaraventerprises79,New Seller!
1383,ShoppingWopping,3.7 / 5
1384,Karigaari,3.4 / 5
1385,EARTH,3.2 / 5
1386,Starstell,3.5 / 5
1387,VianInternational,3.6 / 5
1388,OxygenRetail,5.0 / 5
1389,Woodpedlar,4.0 / 5
1390,ShopnGift,New Seller!
1391,ZOREXSTORE,New Seller!
1392,Shoplorry,New Seller!
1393,ReturnFavors,3.4 / 5
1394,eCraftIndia,3.5 / 5
1395,1sthome,2.8 / 5
1396,SaugatTraders,3.5 / 5
1397,Oberoi,New Seller!
1398,11Girls,4.1 / 5
1399,PoojaCreationn,New Seller!
1399,BagruCrafts,"2.7
                                            / 5"
1400,karukraft,4.2 / 5
1401,Emerge,3.2 / 5
1402,ZOREXSTORE,New Seller!
1403,ZOREXSTORE,New Seller!
1404,ONLINEWORLD,3.9 / 5
1405,ParasCollection,4.4 / 5
1406,CreativityCentre,3.1 / 5
1407,Adaa,4.0 / 5
1408,Diviniti,New Seller!
1409,Alankruthi,3.9 / 5
1410,giftsbymeeta,3.4 / 5
1411,VASTUGHAR,New Seller!
1412,Onlineshoppee,3.5 / 5
1413,TIEDRIBBONS,3.6 / 5
1414,JPSRETAIL,3.1 / 5
1415,ONLINEWORLD,3.9 / 5
1416,ModishLook,3.7 / 5
1417,eCraftIndia,3.5 / 5
1418,Megifting,New Seller!
1419,Siricreations,3.8 / 5
1420,Smile2u,3.5 / 5
1421,ShopTrad,3.1 / 5
1422,NEWLIFE,3.1 / 5
1423,Centre9,New Seller!
1424,Dealfinity,4.0 / 5
1425,JPSRETAIL,3.1 / 5
1426,ONLINEWORLD,3.9 / 5
1427,ONLINEWORLD,3.9 / 5
1428,ZOREXSTORE,New Seller!
1429,ShopTrad,3.1 / 5
1430,Diviniti,New Seller!
1431,YNA,3.4 / 5
1432,ModishLook,3.7 / 5
1433,eCraftIndia,3.5 / 5
